_id,video_id,viewCount,likeCount,dislikeCount
674b0683252cb0a46c229c6a,43JAuYBwh7I,7,2,0
674b0686252cb0a46c229c6b,C4Lr7XHXS80,453,7,0
674b0688252cb0a46c229c6c,1EGeHe9ZWkQ,22,1,0
674b068b252cb0a46c229c6d,WtL0I6N6Hgc,423,81,0
674b068e252cb0a46c229c6e,F72aRAQtZbM,87,10,0
674b0691252cb0a46c229c6f,a-U-SCybsis,494,9,0
674b0693252cb0a46c229c70,G8vK4UJzz3g,434,8,0
674b0695252cb0a46c229c71,_i5E7HgCXyk,532,10,0
674b0697252cb0a46c229c72,HrlzXUCSmtk,503,10,0
674b0699252cb0a46c229c73,X5SNTiX5Mfw,510,10,0
674b069b252cb0a46c229c74,FqU7aa6EK3c,18,4,0
674b069c252cb0a46c229c75,HbXs3IJgZIA,458,21,0
674b069d252cb0a46c229c76,eiOvZ9gzWnQ,226,4,0
674b06a0252cb0a46c229c77,oiH-B_5vojU,418,29,0
674b06a3252cb0a46c229c78,Yif3TL9hio8,481,8,0
674b06a4252cb0a46c229c79,DXpdtQ9AEtg,492,9,0
674b06a5252cb0a46c229c7a,6s8q_Cyd_MY,732,17,0
674b06a6252cb0a46c229c7b,Aew1z9CeFRk,31,6,0
674b06a7252cb0a46c229c7c,5705MIDj2tY,448,19,0
674b06a8252cb0a46c229c7d,c3wbDOVBZx8,450,22,0
674b06a9252cb0a46c229c7e,jFnxrv6X6oo,574,15,0
674b06aa252cb0a46c229c7f,24ax-LT6MKA,417,11,0
674b06ac252cb0a46c229c80,LlQzdOnWfi4,551,23,0
674b06ae252cb0a46c229c81,tbu-okzLCrU,579,18,0
674b06b0252cb0a46c229c82,PHaoK4AzIek,3122,232,0
674b06b0252cb0a46c229c83,oSb7MdI2tEY,599,11,0
674b06b1252cb0a46c229c84,TDyuhD7poJg,622,9,0
674b06b2252cb0a46c229c85,08qinj4Nf7Y,49,7,0
674b06b3252cb0a46c229c86,6KH45xsuqfU,108,4,0
674b06b4252cb0a46c229c87,TMA9J5I_szQ,3462,70,0
674b06b5252cb0a46c229c88,LHZBK4S5gPw,958,24,0
674b06b6252cb0a46c229c89,gJWJo2IgLLw,411,18,0
674b06b7252cb0a46c229c8a,B45EyXYyMW4,464,53,0
674b06b8252cb0a46c229c8b,Iu_2MIDnk2Q,2440,21,0
674b06ba252cb0a46c229c8c,rmrWnvcBCLA,1080,15,0
674b06bb252cb0a46c229c8d,YxBxkrMb-bY,548,29,0
674b06bc252cb0a46c229c8e,GuibyrVDkvA,10226,531,0
674b06bf252cb0a46c229c8f,dQQYwFSLmrY,133,12,0
674b06c0252cb0a46c229c90,YzH7-heURM8,472,13,0
674b06c2252cb0a46c229c91,bUjWDkWKJzM,1056,16,0
674b06c3252cb0a46c229c92,-ee96M0nqJ0,407,14,0
674b06c4252cb0a46c229c93,qiHVsfIIuvo,145,5,0
674b06c5252cb0a46c229c94,qmn5KV4TGQI,209,6,0
674b06c6252cb0a46c229c95,4ohZoB2ZYnI,614,21,0
674b06c6252cb0a46c229c96,8W-M324B5TE,430,19,0
674b06c7252cb0a46c229c97,tpz9CnN3HXU,501,15,0
674b06c8252cb0a46c229c98,WL6nhzLAiHI,109,8,0
674b06c9252cb0a46c229c99,Q4B1s4E7080,1480,114,0
674b06ca252cb0a46c229c9a,XrwyXH-v-pE,51,8,0
674b06cb252cb0a46c229c9b,Ax-S-6yhMIg,484,17,0
674b06cd252cb0a46c229c9c,OjyaxvAoPjc,8721,467,0
674b06ce252cb0a46c229c9d,rwd-1mcJsKk,606,10,0
674b06cf252cb0a46c229c9e,QSzi-n5YDIQ,445,19,0
674b06d1252cb0a46c229c9f,1lzesoShhok,421,15,0
674b06d3252cb0a46c229ca0,sDRuk5N-3PM,442,12,0
674b06d5252cb0a46c229ca1,MmRu5FbDfTU,492,11,0
674b06d6252cb0a46c229ca2,i6ATvA6hK-M,471,28,0
674b06d8252cb0a46c229ca3,abMGwagBEMw,58,8,0
674b06db252cb0a46c229ca4,BeaWmv5q9wk,421,11,0
674b06dd252cb0a46c229ca5,NBgh3eTlZzk,467,14,0
674b06df252cb0a46c229ca6,trBWAruhjjo,221,10,0
674b06e1252cb0a46c229ca7,rv2nKjKu4Ys,96,4,0
674b06e3252cb0a46c229ca8,oGXkgHmIyTo,92,5,0
674b06e6252cb0a46c229ca9,I4kGyPdcEXY,274,7,0
674b06e9252cb0a46c229caa,01YbEEPWi8M,1318,22,0
674b06eb252cb0a46c229cab,c6i-GmPA2gs,422,13,0
674b06ec252cb0a46c229cac,DW2QyK9D4zA,551,23,0
674b06ed252cb0a46c229cad,R4GqDpCrRoY,111,14,0
674b06ef252cb0a46c229cae,VGx19suHCwU,2737,216,0
674b06f1252cb0a46c229caf,ojvzN-X0gms,499,15,0
674b06f4252cb0a46c229cb0,_WkEkEw3qjU,543,8,0
674b06f5252cb0a46c229cb1,ariaS8yMX5k,71,6,0
674b06f6252cb0a46c229cb2,M40uDFpI4XY,3879,105,0
674b06f8252cb0a46c229cb3,MlciKQnQh_g,444,21,0
674b06fb252cb0a46c229cb4,oxsNym4tZFk,332,15,0
674b06fd252cb0a46c229cb5,MaGk6ZI8Cj8,77,6,0
674b06fe252cb0a46c229cb6,4mHj-zwXI_0,480,16,0
674b06ff252cb0a46c229cb7,d9q8G60k2LI,58,5,0
674b0700252cb0a46c229cb8,i-Xq9SVJGts,842,18,0
674b0703252cb0a46c229cb9,q_NIalv_ArA,1493,27,0
674b0705252cb0a46c229cba,ndzk17KdOhs,73,2,0
674b0707252cb0a46c229cbb,79KE7ALzgog,59,5,0
674b0709252cb0a46c229cbc,Kmk-aXCXxIE,82,10,0
674b070a252cb0a46c229cbd,5CAJKf0kz8M,446,17,0
674b070b252cb0a46c229cbe,ldiMT89o4ko,72,1,0
674b070c252cb0a46c229cbf,70vKmo4H0q0,398,12,0
674b070e252cb0a46c229cc0,maZvZFtTjBo,493,16,0
674b0710252cb0a46c229cc1,yEaYg69qxcQ,1014,15,0
674b0712252cb0a46c229cc2,yB2qzN-3ge8,166,7,0
674b0714252cb0a46c229cc3,jsfyWn4VRWg,100,0,0
674b0717252cb0a46c229cc4,CpEq2SygrCs,68,2,0
674b0719252cb0a46c229cc5,EhUG0ti29jw,52,2,0
674b071b252cb0a46c229cc6,_SaM4CFoYuU,501,14,0
674b071d252cb0a46c229cc7,jXL79MyjuSs,420,8,0
674b071f252cb0a46c229cc8,cFj18KZ3hWA,471,16,0
674b0721252cb0a46c229cc9,F2-Ua8E1oPo,544,11,0
674b0722252cb0a46c229cca,igTbACiueNQ,560,9,0
674b0725252cb0a46c229ccb,mR2jivnUHBg,444,13,0
674b0728252cb0a46c229ccc,IP-KnpQeyzw,110,11,0
674b072a252cb0a46c229ccd,9gF3OSsZeAI,461,11,0
674b072c252cb0a46c229cce,9WEfcG2i7v0,136,12,0
674b072f252cb0a46c229ccf,9ShGty02yOc,70,7,0
674b0732252cb0a46c229cd0,Tww8udy7tKU,452,14,0
674b0734252cb0a46c229cd1,ml9rx4U14rQ,891,21,0
674b0735252cb0a46c229cd2,P13KYPOtOjw,81,12,0
674b0735252cb0a46c229cd3,IdwUwGUb5lc,140,11,0
674b0737252cb0a46c229cd4,5qWkKufgN64,163,16,0
674b0738252cb0a46c229cd5,nn-MqLFyszA,455,15,0
674b0739252cb0a46c229cd6,7Jb1N0_AJu0,149,10,0
674b073a252cb0a46c229cd7,af-Us-7vDJQ,7720,154,0
674b073b252cb0a46c229cd8,540wfhaZBFE,610,22,0
674b073c252cb0a46c229cd9,fXAvT9-jUAY,74,5,0
674b073d252cb0a46c229cda,9yB3cKR6NE0,415,15,0
674b073e252cb0a46c229cdb,vLqAohHcUZQ,2550,25,0
674b073f252cb0a46c229cdc,UBi5S2fSNw0,177,7,0
674b0740252cb0a46c229cdd,3j1g8EXb-a8,72,10,0
674b0741252cb0a46c229cde,I6vTDZCe28o,553,18,0
674b0741252cb0a46c229cdf,25yXh7_2EOc,1016,19,0
674b0742252cb0a46c229ce0,i0AufSGLSxo,22,1,0
674b0743252cb0a46c229ce1,ivjLzCqIcNM,59,5,0
674b0744252cb0a46c229ce2,ekiGn947x64,92,0,0
674b0745252cb0a46c229ce3,C7G4ubhuGUw,175,7,0
674b0746252cb0a46c229ce4,MqMuZ0z9qw4,427,9,0
674b0749252cb0a46c229ce5,fh9Lm3V9ZeQ,480,10,0
674b074b252cb0a46c229ce6,Is3lgeNuFHU,72,3,0
674b074e252cb0a46c229ce7,jUFTu8afG8s,418,14,0
674b0751252cb0a46c229ce8,jfLfVvEyRGQ,43,1,0
674b0753252cb0a46c229ce9,FtW5yPlK950,5,2,0
674b0755252cb0a46c229cea,9jfsxvxkNl0,10,1,0
674b0757252cb0a46c229ceb,_l4p1fKxKgA,6,1,0
674b0759252cb0a46c229cec,Zb1yOwLF8IU,110,2,0
674b075b252cb0a46c229ced,pRWg7Oe-eI0,12,1,0
674b075f252cb0a46c229cee,lN68U-eHZDI,131,7,0
674b0764252cb0a46c229cef,D4H3HzQTBj0,134,9,0
674b0766252cb0a46c229cf0,PAoBxuhNrwg,120,3,0
674b0769252cb0a46c229cf1,jZBMx0M97yY,688,20,0
674b076b252cb0a46c229cf2,45F1ZvoqyBQ,203,10,0
674b076e252cb0a46c229cf3,d81lvbcu_lE,434,11,0
674b076f252cb0a46c229cf4,bAI4KHWRAps,1019,25,0
674b0770252cb0a46c229cf5,ao5p7qf0e_Y,105,7,0
674b0772252cb0a46c229cf6,XzVh-UwOOg0,103,7,0
674b0776252cb0a46c229cf7,Al7FnL9Ouh4,36,4,0
674b0777252cb0a46c229cf8,a3x7M5PxvsM,451,13,0
674b07a4252cb0a46c229cf9,tLFaXZGPUxs,397,12,0
674b07a6252cb0a46c229cfa,JONkCXfJgI4,603,15,0
674b07a7252cb0a46c229cfb,lRFTrINTLL0,496,21,0
674b07a8252cb0a46c229cfc,pItHKEN5h5Q,159,16,0
674b07ad252cb0a46c229cfd,4dWSQq6M__0,52,4,0
674b07b3252cb0a46c229cfe,NAbV0yzPYo4,37,0,0
674b07b8252cb0a46c229cff,PQqA2lViDD4,442,16,0
674b07b9252cb0a46c229d00,SF-q5HoGTjg,491,16,0
674b07bc252cb0a46c229d01,WSEoPfDY5dU,2094,31,0
674b07bd252cb0a46c229d02,jn5QORD-SwU,691,13,0
674b07be252cb0a46c229d03,K8PXvbRwj8w,407,26,0
674b07bf252cb0a46c229d04,oV_fmDwXMJo,99,9,0
674b07c0252cb0a46c229d05,pO2fFUew5_I,346,12,0
674b07c1252cb0a46c229d06,lgpMbFzVt4Y,43,3,0
674b0ef6248c7e790a122f45,43JAuYBwh7I,5,2,0
674b0efa248c7e790a122f46,C4Lr7XHXS80,453,7,0
674b0efc248c7e790a122f47,1EGeHe9ZWkQ,22,1,0
674b0efe248c7e790a122f48,WtL0I6N6Hgc,423,81,0
674b0eff248c7e790a122f49,F72aRAQtZbM,87,10,0
674b0f00248c7e790a122f4a,a-U-SCybsis,494,9,0
674b0f02248c7e790a122f4b,G8vK4UJzz3g,434,8,0
674b0f03248c7e790a122f4c,_i5E7HgCXyk,532,10,0
674b0f04248c7e790a122f4d,HrlzXUCSmtk,503,10,0
674b0f05248c7e790a122f4e,X5SNTiX5Mfw,510,10,0
674b0f06248c7e790a122f4f,FqU7aa6EK3c,18,4,0
674b0f07248c7e790a122f50,HbXs3IJgZIA,458,21,0
674b0f08248c7e790a122f51,eiOvZ9gzWnQ,226,4,0
674b0f09248c7e790a122f52,oiH-B_5vojU,418,29,0
674b0f0b248c7e790a122f53,Yif3TL9hio8,481,8,0
674b0f0d248c7e790a122f54,DXpdtQ9AEtg,492,9,0
674b0f0e248c7e790a122f55,6s8q_Cyd_MY,732,17,0
674b0f0f248c7e790a122f56,Aew1z9CeFRk,31,6,0
674b0f12248c7e790a122f57,5705MIDj2tY,448,19,0
674b0f14248c7e790a122f58,c3wbDOVBZx8,450,22,0
674b0f15248c7e790a122f59,jFnxrv6X6oo,574,15,0
674b0f16248c7e790a122f5a,24ax-LT6MKA,417,11,0
674b0f17248c7e790a122f5b,LlQzdOnWfi4,551,23,0
674b0f19248c7e790a122f5c,tbu-okzLCrU,579,18,0
674b0f1a248c7e790a122f5d,PHaoK4AzIek,3122,232,0
674b0f1b248c7e790a122f5e,oSb7MdI2tEY,599,11,0
674b0f1c248c7e790a122f5f,TDyuhD7poJg,622,9,0
674b0f1d248c7e790a122f60,08qinj4Nf7Y,49,7,0
674b0f1f248c7e790a122f61,6KH45xsuqfU,108,4,0
674b0f20248c7e790a122f62,TMA9J5I_szQ,3462,70,0
674b0f21248c7e790a122f63,LHZBK4S5gPw,958,24,0
674b0f23248c7e790a122f64,gJWJo2IgLLw,411,18,0
674b0f25248c7e790a122f65,B45EyXYyMW4,464,53,0
674b0f27248c7e790a122f66,Iu_2MIDnk2Q,2440,21,0
674b0f27248c7e790a122f67,rmrWnvcBCLA,1080,15,0
674b0f29248c7e790a122f68,YxBxkrMb-bY,548,29,0
674b0f2b248c7e790a122f69,GuibyrVDkvA,10226,531,0
674b0f2d248c7e790a122f6a,dQQYwFSLmrY,133,12,0
674b0f2f248c7e790a122f6b,YzH7-heURM8,472,13,0
674b0f30248c7e790a122f6c,bUjWDkWKJzM,1056,16,0
674b0f31248c7e790a122f6d,-ee96M0nqJ0,407,14,0
674b0f32248c7e790a122f6e,qiHVsfIIuvo,145,5,0
674b0f33248c7e790a122f6f,qmn5KV4TGQI,209,6,0
674b0f34248c7e790a122f70,4ohZoB2ZYnI,614,21,0
674b0f35248c7e790a122f71,8W-M324B5TE,430,19,0
674b0f35248c7e790a122f72,tpz9CnN3HXU,501,15,0
674b0f36248c7e790a122f73,WL6nhzLAiHI,109,8,0
674b0f37248c7e790a122f74,Q4B1s4E7080,1480,114,0
674b0f38248c7e790a122f75,XrwyXH-v-pE,51,8,0
674b0f39248c7e790a122f76,Ax-S-6yhMIg,484,17,0
674b0f3a248c7e790a122f77,OjyaxvAoPjc,8721,467,0
674b0f3b248c7e790a122f78,rwd-1mcJsKk,606,10,0
674b0f3c248c7e790a122f79,QSzi-n5YDIQ,445,19,0
674b0f3d248c7e790a122f7a,1lzesoShhok,421,15,0
674b0f40248c7e790a122f7b,sDRuk5N-3PM,442,12,0
674b0f41248c7e790a122f7c,MmRu5FbDfTU,492,11,0
674b0f42248c7e790a122f7d,i6ATvA6hK-M,471,28,0
674b0f43248c7e790a122f7e,abMGwagBEMw,58,8,0
674b0f44248c7e790a122f7f,BeaWmv5q9wk,421,11,0
674b0f45248c7e790a122f80,NBgh3eTlZzk,467,14,0
674b0f45248c7e790a122f81,trBWAruhjjo,221,10,0
674b0f46248c7e790a122f82,rv2nKjKu4Ys,96,4,0
674b0f47248c7e790a122f83,oGXkgHmIyTo,92,5,0
674b0f48248c7e790a122f84,I4kGyPdcEXY,274,7,0
674b0f49248c7e790a122f85,01YbEEPWi8M,1318,22,0
674b0f4a248c7e790a122f86,c6i-GmPA2gs,422,13,0
674b0f4b248c7e790a122f87,DW2QyK9D4zA,551,23,0
674b0f4b248c7e790a122f88,R4GqDpCrRoY,111,14,0
674b0f4c248c7e790a122f89,VGx19suHCwU,2737,216,0
674b0f4d248c7e790a122f8a,ojvzN-X0gms,499,15,0
674b0f4e248c7e790a122f8b,_WkEkEw3qjU,543,8,0
674b0f4f248c7e790a122f8c,ariaS8yMX5k,71,6,0
674b0f50248c7e790a122f8d,M40uDFpI4XY,3879,105,0
674b0f50248c7e790a122f8e,MlciKQnQh_g,444,21,0
674b0f51248c7e790a122f8f,oxsNym4tZFk,332,15,0
674b0f52248c7e790a122f90,MaGk6ZI8Cj8,77,6,0
674b0f53248c7e790a122f91,4mHj-zwXI_0,480,16,0
674b0f54248c7e790a122f92,d9q8G60k2LI,58,5,0
674b0f55248c7e790a122f93,i-Xq9SVJGts,842,18,0
674b0f55248c7e790a122f94,q_NIalv_ArA,1493,27,0
674b0f56248c7e790a122f95,ndzk17KdOhs,73,2,0
674b0f57248c7e790a122f96,79KE7ALzgog,59,5,0
674b0f58248c7e790a122f97,Kmk-aXCXxIE,82,10,0
674b0f59248c7e790a122f98,5CAJKf0kz8M,446,17,0
674b0f5a248c7e790a122f99,ldiMT89o4ko,72,1,0
674b0f5b248c7e790a122f9a,70vKmo4H0q0,398,12,0
674b0f5c248c7e790a122f9b,maZvZFtTjBo,493,16,0
674b0f5d248c7e790a122f9c,yEaYg69qxcQ,1014,15,0
674b0f5d248c7e790a122f9d,yB2qzN-3ge8,166,7,0
674b0f5e248c7e790a122f9e,jsfyWn4VRWg,100,0,0
674b0f5f248c7e790a122f9f,CpEq2SygrCs,68,2,0
674b0f61248c7e790a122fa0,EhUG0ti29jw,52,2,0
674b0f62248c7e790a122fa1,_SaM4CFoYuU,501,14,0
674b0f63248c7e790a122fa2,jXL79MyjuSs,420,8,0
674b0f64248c7e790a122fa3,cFj18KZ3hWA,471,16,0
674b0f65248c7e790a122fa4,F2-Ua8E1oPo,544,11,0
674b0f66248c7e790a122fa5,igTbACiueNQ,560,9,0
674b0f67248c7e790a122fa6,mR2jivnUHBg,444,13,0
674b0f69248c7e790a122fa7,IP-KnpQeyzw,110,11,0
674b0f6b248c7e790a122fa8,9gF3OSsZeAI,461,11,0
674b0f6c248c7e790a122fa9,9WEfcG2i7v0,136,12,0
674b0f6d248c7e790a122faa,9ShGty02yOc,70,7,0
674b0f6e248c7e790a122fab,Tww8udy7tKU,452,14,0
674b0f6f248c7e790a122fac,ml9rx4U14rQ,891,21,0
674b0f70248c7e790a122fad,P13KYPOtOjw,81,12,0
674b0f70248c7e790a122fae,IdwUwGUb5lc,140,11,0
674b0f71248c7e790a122faf,5qWkKufgN64,163,16,0
674b0f72248c7e790a122fb0,nn-MqLFyszA,455,15,0
674b0f73248c7e790a122fb1,7Jb1N0_AJu0,149,10,0
674b0f74248c7e790a122fb2,af-Us-7vDJQ,7720,154,0
674b0f75248c7e790a122fb3,540wfhaZBFE,610,22,0
674b0f75248c7e790a122fb4,fXAvT9-jUAY,74,5,0
674b0f76248c7e790a122fb5,9yB3cKR6NE0,415,15,0
674b0f77248c7e790a122fb6,vLqAohHcUZQ,2550,25,0
674b0f78248c7e790a122fb7,UBi5S2fSNw0,177,7,0
674b0f79248c7e790a122fb8,3j1g8EXb-a8,72,10,0
674b0f79248c7e790a122fb9,I6vTDZCe28o,553,18,0
674b0f7a248c7e790a122fba,25yXh7_2EOc,1016,19,0
674b0f7b248c7e790a122fbb,i0AufSGLSxo,22,1,0
674b0f7c248c7e790a122fbc,ivjLzCqIcNM,59,5,0
674b0f7d248c7e790a122fbd,ekiGn947x64,92,0,0
674b0f7d248c7e790a122fbe,C7G4ubhuGUw,175,7,0
674b0f7e248c7e790a122fbf,MqMuZ0z9qw4,427,9,0
674b0f7f248c7e790a122fc0,fh9Lm3V9ZeQ,480,10,0
674b0f80248c7e790a122fc1,Is3lgeNuFHU,72,3,0
674b0f81248c7e790a122fc2,jUFTu8afG8s,418,14,0
674b0f81248c7e790a122fc3,jfLfVvEyRGQ,43,1,0
674b0f82248c7e790a122fc4,FtW5yPlK950,5,2,0
674b0f83248c7e790a122fc5,9jfsxvxkNl0,10,1,0
674b0f84248c7e790a122fc6,_l4p1fKxKgA,6,1,0
674b0f85248c7e790a122fc7,Zb1yOwLF8IU,110,2,0
674b0f87248c7e790a122fc8,pRWg7Oe-eI0,12,1,0
674b0f89248c7e790a122fc9,lN68U-eHZDI,131,7,0
674b0f8a248c7e790a122fca,D4H3HzQTBj0,134,9,0
674b0f8b248c7e790a122fcb,PAoBxuhNrwg,120,3,0
674b0f8c248c7e790a122fcc,jZBMx0M97yY,688,20,0
674b0f8d248c7e790a122fcd,45F1ZvoqyBQ,203,10,0
674b0f92248c7e790a122fce,d81lvbcu_lE,434,11,0
674b0f95248c7e790a122fcf,bAI4KHWRAps,1019,25,0
674b0f96248c7e790a122fd0,ao5p7qf0e_Y,105,7,0
674b0fa1248c7e790a122fd1,XzVh-UwOOg0,103,7,0
674b0fa3248c7e790a122fd2,Al7FnL9Ouh4,36,4,0
674b0fa7248c7e790a122fd3,a3x7M5PxvsM,451,13,0
674b0fa8248c7e790a122fd4,tLFaXZGPUxs,397,12,0
674b0fa9248c7e790a122fd5,JONkCXfJgI4,603,15,0
674b0faa248c7e790a122fd6,lRFTrINTLL0,496,21,0
674b0fab248c7e790a122fd7,pItHKEN5h5Q,159,16,0
674b0fac248c7e790a122fd8,4dWSQq6M__0,52,4,0
674b0fac248c7e790a122fd9,NAbV0yzPYo4,37,0,0
674b0fad248c7e790a122fda,PQqA2lViDD4,442,16,0
674b0fae248c7e790a122fdb,SF-q5HoGTjg,491,16,0
674b0faf248c7e790a122fdc,WSEoPfDY5dU,2094,31,0
674b0fb0248c7e790a122fdd,jn5QORD-SwU,691,13,0
674b0fb1248c7e790a122fde,K8PXvbRwj8w,407,26,0
674b0fb1248c7e790a122fdf,oV_fmDwXMJo,99,9,0
674b0fb2248c7e790a122fe0,pO2fFUew5_I,346,12,0
674b0fb3248c7e790a122fe1,lgpMbFzVt4Y,43,3,0
674b0fb4248c7e790a122fe2,lfmj8S0Qf0s,279,12,0
674b0fb5248c7e790a122fe3,2JfsPA6EZDA,396,15,0
674b0fb6248c7e790a122fe4,KWrU5XzfT-E,483,27,0
674b0fb7248c7e790a122fe5,-6KnAt26Wio,465,12,0
674b0fb8248c7e790a122fe6,56SyedzD90M,194,6,0
674b0fba248c7e790a122fe7,GBBRZDLLv7c,777,13,0
674b0fbb248c7e790a122fe8,_lYo8zJU8WQ,416,11,0
674b0fbb248c7e790a122fe9,WAswbETfRgw,34,2,0
674b0fbc248c7e790a122fea,YOOeU-1q12s,418,11,0
674b0fbd248c7e790a122feb,IRbcCz56dto,195,4,0
674b0fbe248c7e790a122fec,r1WfGdub548,199,5,0
674b0fbf248c7e790a122fed,yZMSnsIY0ak,78,7,0
674b0fc0248c7e790a122fee,vW7jgXnP6Wo,494,5,0
674b0fc0248c7e790a122fef,-iWfFPu2Dvs,40,2,0
674b0fc1248c7e790a122ff0,-uzCyFrz6-8,761,7,0
674b0fc2248c7e790a122ff1,PPCrpRC91_o,578,13,0
674b0fc3248c7e790a122ff2,hfUlPUMGwZ0,462,8,0
674b0fc4248c7e790a122ff3,Dxiyo7c8HLQ,453,14,0
674b0fc5248c7e790a122ff4,fq1zfPO5fzY,405,14,0
674b0fc6248c7e790a122ff5,CaSiP-K_Dzw,73,4,0
674b0fc7248c7e790a122ff6,iQspJ6WwCzk,306,7,0
674b0fc7248c7e790a122ff7,muWA3yfNEX0,433,11,0
674b0fc8248c7e790a122ff8,LcARSQ9VPhI,447,14,0
674b0fc9248c7e790a122ff9,8CEoXOLkZqA,270,6,0
674b0fca248c7e790a122ffa,wQLwFf7-Bzk,663,31,0
674b0fcb248c7e790a122ffb,nRvGB86TkTU,644,5,0
674b0fcc248c7e790a122ffc,XWHQW1oFzIA,2242,20,0
674b0fcd248c7e790a122ffd,6StITIIWawk,97,5,0
674b0fce248c7e790a122ffe,B9HRls2ZlLQ,57,3,0
674b0fcf248c7e790a122fff,D8DRol1uDQk,201,5,0
674b0fd0248c7e790a123000,DcFc_VOjBeI,137,6,0
674b0fd1248c7e790a123001,coBkfTDjWIA,1255,20,0
674b0fd2248c7e790a123002,LiopdSJ8Abo,56,2,0
674b0fd2248c7e790a123003,0zl_mRcZ54A,857,9,0
674b0fd4248c7e790a123004,nqFzglviHPs,712,26,0
674b0fd7248c7e790a123005,n93lhRqbV5Y,48,4,0
674b0fda248c7e790a123006,Eo0sKGPyBU0,45,3,0
674b0fdb248c7e790a123007,O6BFD53dLh8,93,2,0
674b0fde248c7e790a123008,VrWCzAcjEmw,166,4,0
674b0fdf248c7e790a123009,1VdJIcergnE,413,8,0
674b0fe0248c7e790a12300a,o9DXWg8mQYY,1845,61,0
674b0fe3248c7e790a12300b,pzqc-7L3GQs,484,13,0
674b0fe7248c7e790a12300c,qvGZJKBIe9M,2329,55,0
674b0fe9248c7e790a12300d,ll9wEEZT3jo,125,6,0
674b0fed248c7e790a12300e,IuLb0Ag5Dxs,461,16,0
674b0fee248c7e790a12300f,ZiriRqECMD8,424,8,0
674b0ff2248c7e790a123010,5BFtRqp-Zd0,275,11,0
674b0ff5248c7e790a123011,k3ba2QKRY4E,287,7,0
674b0ff8248c7e790a123012,MyBaH_Kev3M,259,3,0
674b0ffb248c7e790a123013,Sxvv75p75oE,215,2,0
674b0ffd248c7e790a123014,UG4i-1cpVIc,52,5,0
674b0fff248c7e790a123015,PIBCpAjJojA,54,3,0
674b1001248c7e790a123016,3l9Lg-qWExg,120,1,0
674b1004248c7e790a123017,3N9hxrNL4w8,147,6,0
674b1007248c7e790a123018,quz5rZ-9Iu4,114,6,0
674b100a248c7e790a123019,lZUzh4tj6o0,82,2,0
674b100e248c7e790a12301a,OKqhnfWgzAM,56,2,0
674b100f248c7e790a12301b,YqZ4hHyGbMQ,506,16,0
674b1010248c7e790a12301c,pwPU864m4qU,630,16,0
674b1012248c7e790a12301d,CrgkvL7ltgM,63,2,0
674b1015248c7e790a12301e,ufXDLpbh2Kg,436,26,0
674b1017248c7e790a12301f,ZY9bvRK_8Mo,422,10,0
674b1019248c7e790a123020,DuBNuJ643fQ,480,19,0
674b101a248c7e790a123021,i1b-jHYfR60,263,5,0
674b101b248c7e790a123022,GUapnvjMkXc,608,6,0
674b101e248c7e790a123023,QIo7Z4wiXeQ,156,8,0
674b1022248c7e790a123024,cfzkaYY1UbU,55,1,0
674b1024248c7e790a123025,4xZtL7V0AwY,213,5,0
674b1026248c7e790a123026,wpDQ8H8ZjO0,645,17,0
674b1027248c7e790a123027,7L6ovC0dRe4,1114,21,0
674b1028248c7e790a123028,aQ4V8rL0tvE,575,9,0
674b102c248c7e790a123029,jVz_gvl99kM,328,3,0
674b102e248c7e790a12302a,Gtn46uWl1PI,409,9,0
674b102f248c7e790a12302b,WflITPFogwk,479,19,0
674b1031248c7e790a12302c,J_7ZexHkTHc,109,5,0
674b1031248c7e790a12302d,4NactugP-n0,436,12,0
674b1033248c7e790a12302e,mgynMTMhRDE,8967,189,0
674b1034248c7e790a12302f,kABlFp4udI0,368,10,0
674b1035248c7e790a123030,Vkl2JvBe2fI,99,1,0
674b1036248c7e790a123031,emot3XPti34,571,8,0
674b1038248c7e790a123032,ihHMH9ArFo8,295,6,0
674b1039248c7e790a123033,GSnuby3kZ90,140,0,0
674b103a248c7e790a123034,hJqSfXMZKKg,714,7,0
674b103c248c7e790a123035,x2XWfmnOLPY,1936,8,0
674b1040248c7e790a123036,_nsU7JZ2if4,2088,21,0
674b1042248c7e790a123037,eoPkxYVHgFg,467,6,0
674b1043248c7e790a123038,17hHHuewMZM,565,9,0
674b1044248c7e790a123039,H6nONDN5z6Y,1220,43,0
674b1045248c7e790a12303a,FxHCpIsnCuc,386,3,0
674b1046248c7e790a12303b,kcY-VXnNYtU,112,5,0
674b1047248c7e790a12303c,6-HldIfBv2s,157,4,0
674b1048248c7e790a12303d,U0FJ9MJQxMQ,843,13,0
674b1049248c7e790a12303e,w_nMrNzXpmI,53,3,0
674b104b248c7e790a12303f,c7x7mfQyMOs,133,2,0
674b104d248c7e790a123040,ZtSsSE2cbB0,499,9,0
674b104e248c7e790a123041,lTdKU4KaBJw,1939,18,0
674b104f248c7e790a123042,O1BJKWlnTyU,448,12,0
674b1050248c7e790a123043,lSMGl6ggEAw,484,11,0
674b1052248c7e790a123044,bIn2yLLRS5A,366,13,0
674b1055248c7e790a123045,HFBlK7S7H2Y,160,7,0
674b1057248c7e790a123046,j7pWYM_7rwY,92,6,0
674b1059248c7e790a123047,2SW1QCvvcSA,201,3,0
674b105c248c7e790a123048,tPPTxPvv4JM,453,12,0
674b105f248c7e790a123049,vHXRsfNAGvg,126,3,0
674b1062248c7e790a12304a,LToyVgG1cng,103,4,0
674b1064248c7e790a12304b,9yhEi6dhoNE,31,1,0
674b1066248c7e790a12304c,IB9IOW1e5R4,88,1,0
674b1067248c7e790a12304d,hgaPEf-kWIA,60,2,0
674b1068248c7e790a12304e,ISOPvRvMY80,29,2,0
674b106b248c7e790a12304f,XSjAtCepGAo,38,1,0
674b106f248c7e790a123050,E77eoudEtEM,25,1,0
674b1072248c7e790a123051,WkryRXgpyRc,461,11,0
674b1075248c7e790a123052,p3RY2j-uDfE,16155,183,0
674b1078248c7e790a123053,-AE6iU3nfEM,903,11,0
674b107c248c7e790a123054,T5M1q2Gio9E,468,9,0
674b107e248c7e790a123055,QKAd6N1GAH8,638,12,0
674b107f248c7e790a123056,HqHRKrxPnBA,586,17,0
674b1080248c7e790a123057,TV3c8GJOnW4,139,5,0
674b1083248c7e790a123058,jKqVXLXl9B8,218,3,0
674b1086248c7e790a123059,qH7hClOY8mY,608,9,0
674b1089248c7e790a12305a,7GRRApcmcw8,589,12,0
674b108b248c7e790a12305b,AFaAk_5QkYk,107,2,0
674b108c248c7e790a12305c,tHsCOYlbYAk,1869,29,0
674b108d248c7e790a12305d,0nPihRq4GeA,643,6,0
674b108e248c7e790a12305e,1uBBHH1CIyo,410,7,0
674b108f248c7e790a12305f,hij9Wgh5e5U,5040,24,0
674b1091248c7e790a123060,4FvvreeK3PQ,3358,59,0
674b1092248c7e790a123061,f2TVrYMEoLo,533,29,0
674b1094248c7e790a123062,hmgwOI8fHPg,696,18,0
674b1097248c7e790a123063,Z0mb43dQtvs,136,4,0
674b109b248c7e790a123064,3dvFTiBCYk4,43,2,0
674b109d248c7e790a123065,1_GpkoTSoEE,54,4,0
674b10a0248c7e790a123066,7PcgUgRrgpg,44,2,0
674b10a6248c7e790a123067,az75xlH4nOw,160,12,0
674b10ab248c7e790a123068,-JwzMJvkAvA,683,8,0
674b10ad248c7e790a123069,n9itKF0MByI,422,7,0
674b10b1248c7e790a12306a,yhYysuO3efs,455,15,0
674b10b5248c7e790a12306b,5o4OKD1k5Cw,498,7,0
674b10bc248c7e790a12306c,dkYRmO5xo84,422,6,0
674b10c0248c7e790a12306d,FAoXUCsdgY4,59,5,0
674b10c2248c7e790a12306e,U_QjXb4pz_k,209,7,0
674b10c6248c7e790a12306f,sOuxSV3Q6cE,692,12,0
674b10ca248c7e790a123070,X4Q9fC__kn8,450,8,0
674b10cd248c7e790a123071,22yKBTtqpSs,441,11,0
674b10d1248c7e790a123072,F_jY7nH3vS8,197,8,0
674b10d4248c7e790a123073,Nz-jcuSYVQk,119,4,0
674b10da248c7e790a123074,6-X_HmPHiFg,167,2,0
674b10de248c7e790a123075,8z3jof7-kYc,120,4,0
674b10e2248c7e790a123076,5FvHvCS3-Vs,194,7,0
674b10e7248c7e790a123077,gl20_t4JXZ8,155,7,0
674b10ea248c7e790a123078,peG12oLYKOU,1534,21,0
674b10ec248c7e790a123079,3PfEWyTYiJQ,750,9,0
674b10f1248c7e790a12307a,7l7kEBCOfy8,31,2,0
674b10f3248c7e790a12307b,K5JcWj5Dix0,72,2,0
674b10f7248c7e790a12307c,bAQYX81aqEw,39,4,0
674b10f9248c7e790a12307d,D1jVwRJvM50,34,1,0
674b10fc248c7e790a12307e,88PQ1JlwRzA,30,2,0
674b10ff248c7e790a12307f,L1x5Kt_Fq9Q,684,17,0
674b1100248c7e790a123080,B7db0ln4mNY,741,12,0
674b1102248c7e790a123081,NVYU_bAQGlE,840,16,0
674b1104248c7e790a123082,8rwHBtGC8v0,462,7,0
674b1105248c7e790a123083,UMeZ1XUjfvs,64,2,0
674b1107248c7e790a123084,PQgQBuHuDqQ,48,3,0
674b110b248c7e790a123085,jQeXm9EZyeU,647,7,0
674b110e248c7e790a123086,iAfG1_7mAmY,187,6,0
674b1112248c7e790a123087,a9-C2KH3gKA,59,7,0
674b1114248c7e790a123088,gRwxRzjBLno,488,11,0
674b1117248c7e790a123089,xtGACYFlcQk,446,9,0
674b111b248c7e790a12308a,2Abyfr_Z4to,87,0,0
674b111e248c7e790a12308b,ft1gU57zscE,25,2,0
674b1121248c7e790a12308c,ggwck_Ifbns,101,5,0
674b1125248c7e790a12308d,0ttCsL0eW3s,131,5,0
674b1128248c7e790a12308e,d0ITy7-YsCc,227,6,0
674b112b248c7e790a12308f,7XdmQvQlJQ0,115,3,0
674b1130248c7e790a123090,t82tEXtE1Ng,872,20,0
674b1133248c7e790a123091,S4gxXK5N71o,182,4,0
674b1137248c7e790a123092,4m-3BPUMgWk,68,3,0
674b113b248c7e790a123093,fMkrqMOkk2w,1019,16,0
674b113d248c7e790a123094,uYBkDLlUpA8,643,21,0
674b113e248c7e790a123095,vz54vy4xAW4,2479,7,0
674b1141248c7e790a123096,GoR78_zwK20,90,4,0
674b1145248c7e790a123097,tSwUo7qpl44,706,15,0
674b1147248c7e790a123098,Y4r54Z1UmM0,173,5,0
674b114b248c7e790a123099,gPR4crAoVog,593,12,0
674b1151248c7e790a12309a,wkTxSoC17Yw,631,11,0
674b1156248c7e790a12309b,Hi-I6qmQpp4,38,2,0
674b115a248c7e790a12309c,twn-f9UUdjA,301,8,0
674b115c248c7e790a12309d,3atr5IO5amU,70,2,0
674b115f248c7e790a12309e,hG-IWFh1KHs,2155,104,0
674b1163248c7e790a12309f,G3bW_fzfJbU,316,9,0
674b1166248c7e790a1230a0,6qaYOLg_izM,510,19,0
674b116a248c7e790a1230a1,neAS5L59lCI,10529,153,0
674b116e248c7e790a1230a2,kp2Q5hOPuPM,1613,22,0
674b1171248c7e790a1230a3,KNAL6jIbN80,1760,15,0
674b1175248c7e790a1230a4,CZxuBshV5Bo,18,5,0
674b1179248c7e790a1230a5,zK9W_6cxBIw,1007,11,0
674b117b248c7e790a1230a6,V-RfpJtxVTc,151,5,0
674b117e248c7e790a1230a7,cVqhmTaGVYU,564,12,0
674b1182248c7e790a1230a8,XUqXBzl4QYc,543,10,0
674b1185248c7e790a1230a9,US3zgGHlS3U,47,5,0
674b1188248c7e790a1230aa,iif8xUYoCwI,504,15,0
674b118c248c7e790a1230ab,7IpxiUIotCs,1938,58,0
674b118f248c7e790a1230ac,njMBSSWWnrk,800,12,0
674b1193248c7e790a1230ad,D6rZ69Uy2zk,763,15,0
674b1196248c7e790a1230ae,vGfPmz7dAX8,134,7,0
674b1199248c7e790a1230af,RH1eamuM3ro,632,22,0
674b119c248c7e790a1230b0,sUCZt0tBrGQ,473,17,0
674b11a0248c7e790a1230b1,VkXQpf1SbSA,77,7,0
674b1207248c7e790a1230b2,UY-WQ4o0x9Q,117,4,0
674b1208248c7e790a1230b3,emRFB2ULqTE,772,18,0
674b1209248c7e790a1230b4,gFYtIGmoRBg,573,20,0
674b1209248c7e790a1230b5,FwCeSrFWneA,389,8,0
674b120a248c7e790a1230b6,1s9aoCx9P2U,438,7,0
674b120b248c7e790a1230b7,o2HC9is2C0E,325,9,0
674b120c248c7e790a1230b8,l27BPXQjEgg,377,3,0
674b120c248c7e790a1230b9,2mLvNYgqF0o,31,4,0
674b120d248c7e790a1230ba,mf-FYmtZhdA,41,4,0
674b120e248c7e790a1230bb,PBLirPuqIG8,9,2,0
674b120f248c7e790a1230bc,t_iEkItrw8k,603,11,0
674b120f248c7e790a1230bd,mC7R0VeNImk,466,25,0
674b1210248c7e790a1230be,8AdJNWrwriU,116,2,0
674b1211248c7e790a1230bf,8OQY8UpaGEo,461,11,0
674b1211248c7e790a1230c0,LueeH_MsG8Q,558,14,0
674b1212248c7e790a1230c1,tK_ulR22ZKc,1088,70,0
674b1213248c7e790a1230c2,Ro9yQtcAWU4,784,22,0
674b1214248c7e790a1230c3,BMaibtORyMQ,437,23,0
674b1214248c7e790a1230c4,E5DZLWnS5ug,640,10,0
674b1215248c7e790a1230c5,oYFcOnyqi60,67,3,0
674b1216248c7e790a1230c6,zKTbzT-3vtE,94,7,0
674b1216248c7e790a1230c7,PAJWq6l-0bI,597,10,0
674b1217248c7e790a1230c8,Hxq-CSCXwZU,486,11,0
674b1218248c7e790a1230c9,MpmMZBK8s4g,66,6,0
674b1218248c7e790a1230ca,s64vqBUNwXY,754,24,0
674b1219248c7e790a1230cb,3aV7KVwtkCw,58,2,0
674b121a248c7e790a1230cc,dx5TXluREZM,103,3,0
674b121a248c7e790a1230cd,SyA-WgWXfC0,635,15,0
674b121b248c7e790a1230ce,t-43GjzlRlI,3445,222,0
674b121c248c7e790a1230cf,qVhXH0C3Mh8,466,23,0
674b121c248c7e790a1230d0,pjagsXYMLX4,482,11,0
674b121d248c7e790a1230d1,rf2JoczM_Xk,531,13,0
674b121e248c7e790a1230d2,VMmaeKmUir4,49,6,0
674b121e248c7e790a1230d3,MY2BySdOpjc,2207,16,0
674b121f248c7e790a1230d4,wY758l7OKI4,7854,160,0
674b1220248c7e790a1230d5,oPzmgnzUp78,624,22,0
674b1221248c7e790a1230d6,1gxG7GuIf7M,831,25,0
674b1221248c7e790a1230d7,yTfXhFH3rzI,284748,5495,0
674b1222248c7e790a1230d8,09aNt9BP60s,455,13,0
674b1223248c7e790a1230d9,LwUQiLLiEXQ,475,9,0
674b1223248c7e790a1230da,Nvwo1YZbdIk,467,14,0
674b1224248c7e790a1230db,tiVyBNGq79Q,22,3,0
674b1225248c7e790a1230dc,4Z-VxaiPyM8,490,12,0
674b1225248c7e790a1230dd,_tiSKzML3LI,383,11,0
674b1226248c7e790a1230de,pUPFbpOblVk,446,10,0
674b1227248c7e790a1230df,StNFTfrKF0E,477,11,0
674b1227248c7e790a1230e0,TgHl1f2fapo,223,4,0
674b1228248c7e790a1230e1,woGvbXZCHTg,12,1,0
674b1229248c7e790a1230e2,joYx3v-XbdQ,500,14,0
674b1229248c7e790a1230e3,CChKiHyCREg,432,14,0
674b122a248c7e790a1230e4,dwDGhT6rS6Q,21,3,0
674b122b248c7e790a1230e5,J8k_srHcFp0,432,10,0
674b122b248c7e790a1230e6,IiTzUkcS7u0,40,4,0
674b122c248c7e790a1230e7,S4QCkhSH6Ss,11335,348,0
674b122d248c7e790a1230e8,DAKfnR1a1yI,1360,39,0
674b122d248c7e790a1230e9,e6ibt1pUERc,468,13,0
674b122e248c7e790a1230ea,93_szcVVUik,561,10,0
674b122f248c7e790a1230eb,6MLjbFj9B5U,502,11,0
674b122f248c7e790a1230ec,C5ZZFuYDGXA,76,4,0
674b1230248c7e790a1230ed,6Xw03s03USc,123,3,0
674b1230248c7e790a1230ee,eq3k0ZfbCG0,63,3,0
674b1231248c7e790a1230ef,7xtgDjFj7HQ,544,13,0
674b1232248c7e790a1230f0,XXhJZEypIyk,97,6,0
674b1232248c7e790a1230f1,a3RT6v8qfs8,3521,70,0
674b1233248c7e790a1230f2,qFsUncKYWKw,472,18,0
674b1234248c7e790a1230f3,qLz1PRxZRb0,451,16,0
674b1234248c7e790a1230f4,51LEl2zMXPM,3083,54,0
674b1235248c7e790a1230f5,Djem6b8quT8,803,15,0
674b1236248c7e790a1230f6,z-WWWeNAduA,460,13,0
674b1236248c7e790a1230f7,P3wMopmLLTQ,490,15,0
674b1237248c7e790a1230f8,cnu8-kKLSr8,575,10,0
674b1237248c7e790a1230f9,KePd_UR6SfI,1337,60,0
674b1238248c7e790a1230fa,1T4WF9p7Nvc,21,2,0
674b1239248c7e790a1230fb,fiwyzvRXFqk,120,4,0
674b1239248c7e790a1230fc,suXG_HHszbE,445,22,0
674b123a248c7e790a1230fd,LhIS950bHm4,463,10,0
674b123b248c7e790a1230fe,NGGkHvEX_ew,517,15,0
674b123b248c7e790a1230ff,wDk00CITNRA,443,12,0
674b123c248c7e790a123100,26PQ_0RKLI4,524,16,0
674b123d248c7e790a123101,a44lNjQyFNk,438,18,0
674b123d248c7e790a123102,n8lmsu0sRcI,446,18,0
674b123e248c7e790a123103,vrINvZI3m10,71,3,0
674b123e248c7e790a123104,HUJaSSyhQfA,443,11,0
674b123f248c7e790a123105,wPsfEaJzZuU,444,9,0
674b1240248c7e790a123106,WpE27Ihrgnw,118,3,0
674b1240248c7e790a123107,J2Hmaovzyzs,1867,17,0
674b1241248c7e790a123108,Tao2RdXq_v4,563,8,0
674b1241248c7e790a123109,my6cwKlXaeA,12025,242,0
674b1242248c7e790a12310a,BYOfrqvettw,88,2,0
674b1243248c7e790a12310b,gR9eZ-AvUkg,488,6,0
674b1243248c7e790a12310c,LyD1HC_g3DA,3992,72,0
674b1244248c7e790a12310d,I0Ox-Fj3mN4,807,13,0
674b1245248c7e790a12310e,nAaU38ImVpA,1164,37,0
674b1245248c7e790a12310f,-ATU0H6YtXA,656,8,0
674b1246248c7e790a123110,eroLNXeCJHg,71,3,0
674b1246248c7e790a123111,Wtyv2Xmooq4,526,16,0
674b1247248c7e790a123112,6Jd-ObR7Ypw,429,9,0
674b1248248c7e790a123113,5VfEZXbextQ,445,7,0
674b1248248c7e790a123114,S74hYm4dmKE,567,7,0
674b1249248c7e790a123115,rR2YQiCdfr0,452,18,0
674b124a248c7e790a123116,xpSZtAp6A4M,8,2,0
674b124a248c7e790a123117,-WFzEA8dcT4,13890,357,0
674b124b248c7e790a123118,RtisZ4PfxNI,419,8,0
674b124c248c7e790a123119,fghsnbmgV2c,421,7,0
674b124c248c7e790a12311a,RNI_c-DWQzg,2514,58,0
674b124d248c7e790a12311b,nJxYcifI3ls,461,11,0
674b124e248c7e790a12311c,JnG9f9ALIGg,572,13,0
674b124f248c7e790a12311d,II6xWAmnZ_0,145,5,0
674b124f248c7e790a12311e,XpY-UTw5-UA,516,25,0
674b1250248c7e790a12311f,JhvXzSBtPVQ,697,16,0
674b1251248c7e790a123120,cMEDdGGM4Gc,525,17,0
674b1251248c7e790a123121,_kwXrDPo13A,802,25,0
674b1252248c7e790a123122,C8jwlxV22R8,2448,25,0
674b1253248c7e790a123123,5VwdXt6tqlQ,424,8,0
674b1253248c7e790a123124,LgBkMNaDB_0,749,15,0
674b1254248c7e790a123125,b42tId_mioY,539,15,0
674b1254248c7e790a123126,OmyLcjhInNk,426,10,0
674b1255248c7e790a123127,NqyUi2UvT8o,463,7,0
674b1256248c7e790a123128,aQpL9BGZyVw,491,14,0
674b1256248c7e790a123129,ZTkjOkNKVNs,732,18,0
674b1257248c7e790a12312a,8_6FoFC1SVs,479,14,0
674b1258248c7e790a12312b,XhIWGb1ZjJ0,453,18,0
674b1258248c7e790a12312c,FXKoEGvby14,503,34,0
674b1259248c7e790a12312d,wOOgBwx1bLI,463,13,0
674b125a248c7e790a12312e,6ulY4k7aUlM,544,12,0
674b125a248c7e790a12312f,pWINYCrM-NY,420,12,0
674b125b248c7e790a123130,B6ySvu9LD8w,118,2,0
674b125c248c7e790a123131,HF1V-dJnoSY,2783,26,0
674b125c248c7e790a123132,lK9jWQ6cKH8,657,13,0
674b125d248c7e790a123133,3HQrrXZWNgI,419,4,0
674b125e248c7e790a123134,0xmB0QV-7GY,3592,72,0
674b125e248c7e790a123135,YLzMbGLZJGU,894,10,0
674b125f248c7e790a123136,5PjNaL1yuiM,8,2,0
674b1260248c7e790a123137,g2P05nCIiCk,32,2,0
674b1260248c7e790a123138,-rwsPqVcncE,40,2,0
674b1261248c7e790a123139,ytU1IHpU0RM,30,2,0
674b1261248c7e790a12313a,HCHg7PhDv5w,435,10,0
674b1262248c7e790a12313b,YKVThVVNpIQ,1434,52,0
674b1263248c7e790a12313c,B7vQ9h-fcSo,41,2,0
674b1263248c7e790a12313d,6WA506B-Utk,660,10,0
674b1264248c7e790a12313e,8HY-Di-qtMY,650,8,0
674b1265248c7e790a12313f,oPrHE9mK85E,438,21,0
674b1265248c7e790a123140,XjlxuDZqgok,453,10,0
674b1266248c7e790a123141,jG616J5i3Kg,1524,29,0
674b1267248c7e790a123142,6uRQnWzWNAQ,427,15,0
674b1267248c7e790a123143,7Vkp7fER4yQ,2917,24,0
674b1268248c7e790a123144,h6WInESvI-I,453,17,0
674b1269248c7e790a123145,FbYzyWmXyiA,474,13,0
674b1269248c7e790a123146,PzS35_G46HM,440,16,0
674b126a248c7e790a123147,ip1FUZlFufI,425,13,0
674b126b248c7e790a123148,TrVK2CBXvUU,35,4,0
674b126b248c7e790a123149,GrAJ9fmyuwg,478,11,0
674b126c248c7e790a12314a,Um3wBm0aj_g,450,15,0
674b126d248c7e790a12314b,vIH5N7prPBU,493,15,0
674b126d248c7e790a12314c,8J-gydGSaJw,581,15,0
674b126e248c7e790a12314d,oHNt0ccRxT0,1073,30,0
674b126f248c7e790a12314e,9lVMkZA7SWQ,13,1,0
674b1270248c7e790a12314f,2VEDO8puUd0,119,3,0
674b1270248c7e790a123150,9DTTl2cmbig,454,9,0
674b1271248c7e790a123151,AAP4BrBhhw4,804,19,0
674b1272248c7e790a123152,mDht7PFgzMk,585,28,0
674b1272248c7e790a123153,ni29gYG2pHU,452,12,0
674b1273248c7e790a123154,8omGLxtSlaw,405,9,0
674b1274248c7e790a123155,eY-8bS1m4js,423,9,0
674b1275248c7e790a123156,ULMdWq8MJtg,437,8,0
674b1275248c7e790a123157,O8aK_dS4gTQ,450,14,0
674b1276248c7e790a123158,IFY0nfM8AAk,272,3,0
674b1277248c7e790a123159,fMrWRSbkfOg,817,26,0
674b1277248c7e790a12315a,pS4m2prbhiI,730,9,0
674b1278248c7e790a12315b,Xzms0s0fHdE,490,3,0
674b1279248c7e790a12315c,InbsTuxJZws,475,9,0
674b1279248c7e790a12315d,H0zYt3YKNso,411,15,0
674b127a248c7e790a12315e,_RHy4Wg3PpM,8442,266,0
674b127b248c7e790a12315f,rMVe6N83ZVQ,22,4,0
674b127b248c7e790a123160,UR5T_PhyCUo,145,12,0
674b127c248c7e790a123161,iYwAaZ_RWVM,77,2,0
674b127d248c7e790a123162,aDT9i_wgldc,641,17,0
674b127d248c7e790a123163,Hm0pQIBySnI,3733,67,0
674b127e248c7e790a123164,BH2EbxCJn7o,494,11,0
674b127f248c7e790a123165,EQW8JJli8tc,134,3,0
674b127f248c7e790a123166,h_qfP0-aOzk,23,3,0
674b1280248c7e790a123167,8YPD5-t855A,16,3,0
674b1281248c7e790a123168,IRUfWc-NY9o,13,3,0
674b1282248c7e790a123169,yNb_BN5vjgM,447,30,0
674b1282248c7e790a12316a,qKpfqhqu02g,3170,136,0
674b1283248c7e790a12316b,zIWfGPkwjTk,1341,35,0
674b1284248c7e790a12316c,sk72fvDB_Bs,127,4,0
674b1284248c7e790a12316d,0rlG1Vl7xGQ,423,35,0
674b1285248c7e790a12316e,ydH0jgyw1I4,435,14,0
674b1286248c7e790a12316f,E_b12IsCSb0,231,10,0
674b1286248c7e790a123170,XeTfc_zNxik,5056,73,0
674b1287248c7e790a123171,w976-YJ0rig,787,24,0
674b1288248c7e790a123172,6HThgwC5wb4,3268,74,0
674b1288248c7e790a123173,5m1mOOW-K8Q,407,8,0
674b1289248c7e790a123174,ZPOxMVtSBBI,494,13,0
674b128a248c7e790a123175,3TeRtDtyRfk,410,15,0
674b128a248c7e790a123176,fKFXwlB9RQ0,420,13,0
674b128b248c7e790a123177,upNRzAXq6WE,455,19,0
674b128c248c7e790a123178,rZw9vBsxa_o,444,15,0
674b128c248c7e790a123179,CpB8nl9uGcQ,750,21,0
674b128d248c7e790a12317a,VDy2dMOyAjo,474,12,0
674b128e248c7e790a12317b,0KrUqL5cQY0,1589,27,0
674b128e248c7e790a12317c,JkKBgtbpzi4,1571,19,0
674b128f248c7e790a12317d,ozR6khzGAxI,902,15,0
674b1290248c7e790a12317e,nlNNAeWr84k,547,9,0
674b1291248c7e790a12317f,ILYOzxd2M5g,2513,27,0
674b1291248c7e790a123180,-wxFUgde6aE,681,19,0
674b1292248c7e790a123181,lVa_Pw7L33g,866,8,0
674b1293248c7e790a123182,CJr3HjZSEng,1156,13,0
674b1293248c7e790a123183,2AI6ws2Rz-s,63,2,0
674b1294248c7e790a123184,UYiHenyElZ0,30,2,0
674b1295248c7e790a123185,0YQNtqIgWpA,53,3,0
674b1295248c7e790a123186,j54rLhr3oUQ,115,4,0
674b1296248c7e790a123187,SvycrUukcgE,56,2,0
674b1297248c7e790a123188,ct0gHb80tTQ,162,1,0
674b1297248c7e790a123189,EI2pTbaCGKQ,3826,52,0
674b1298248c7e790a12318a,kd4kJnP2tp4,267,15,0
674b1299248c7e790a12318b,D9fFGtlWwzc,613,22,0
674b129a248c7e790a12318c,L96dL7YXAAE,478,12,0
674b129a248c7e790a12318d,JlzPxAFl6HI,1950,41,0
674b129b248c7e790a12318e,wIZWBga3rWE,2209,75,0
674b129c248c7e790a12318f,HmNJN-8-EDI,542,37,0
674b129c248c7e790a123190,B3clg6dFdes,847,29,0
674b129d248c7e790a123191,hfAdV03iNcU,89,8,0
674b129e248c7e790a123192,fE820_A4aZw,501,13,0
674b129e248c7e790a123193,AkODkextjCI,69,2,0
674b129f248c7e790a123194,FvLVRHSgdTY,116,5,0
674b12a0248c7e790a123195,FiIOKlGZFSo,1438,88,0
674b12a0248c7e790a123196,E6PGm8DeOgk,533,7,0
674b12a1248c7e790a123197,WsLJ4NQQ_8A,1157,65,0
674b12a2248c7e790a123198,yXHAlVmJ4JI,2793,40,0
674b12a2248c7e790a123199,AM0nBFLS6qg,489,20,0
674b12a3248c7e790a12319a,VNIODNYVzyo,461,6,0
674b12a4248c7e790a12319b,NCqfQ8TL5cM,154,2,0
674b12a4248c7e790a12319c,Ufkse959Zsw,470,10,0
674b12a5248c7e790a12319d,A1KIticxEPQ,532,12,0
674b12a6248c7e790a12319e,KDzXcAEh9m4,214,6,0
674b12a7248c7e790a12319f,wt4Va4GgpEk,567,6,0
674b12a7248c7e790a1231a0,Cg67Q3xuCoQ,2112,49,0
674b12a8248c7e790a1231a1,22cG9LojxEQ,468,12,0
674b12a9248c7e790a1231a2,M4gnjOEDLCE,184,7,0
674b12a9248c7e790a1231a3,Gw6oMFA4gTU,477,9,0
674b12aa248c7e790a1231a4,kSqCOXoEH5s,78,3,0
674b12ab248c7e790a1231a5,g1_UZE4WHzg,477,10,0
674b12ab248c7e790a1231a6,Uo67Pe6xolw,81,2,0
674b12ac248c7e790a1231a7,-UkQ5Co-Zhg,643,19,0
674b12ad248c7e790a1231a8,YztEwl4UfoM,40,1,0
674b12ad248c7e790a1231a9,m0JFFgUhMmM,476,11,0
674b12ae248c7e790a1231aa,uu8NZap0MWM,8103,257,0
674b12af248c7e790a1231ab,U4qspqAbHC4,94,2,0
674b12af248c7e790a1231ac,dzRUWK0wIm8,493,9,0
674b12b0248c7e790a1231ad,0a9zbDfLGXE,171,5,0
674b12b1248c7e790a1231ae,RthhFSnCvA8,488,7,0
674b12b2248c7e790a1231af,myP94m4jUwk,434,10,0
674b12b2248c7e790a1231b0,NkHBnGo7ZZQ,459,7,0
674b12b3248c7e790a1231b1,vuVJVCa6lg8,120,2,0
674b12b4248c7e790a1231b2,51XSB6aceIw,14,2,0
674b12b4248c7e790a1231b3,p0I1IbHz1cc,10,1,0
674b12b5248c7e790a1231b4,-Jny53WhQgM,25,1,0
674b12b6248c7e790a1231b5,k_5snVMpGbs,454,9,0
674b12b7248c7e790a1231b6,eFovegtm74A,7390,344,0
674b12b7248c7e790a1231b7,JXBWPAN0aLc,511,14,0
674b12b8248c7e790a1231b8,dlUisP3aDIs,482,10,0
674b12b9248c7e790a1231b9,svJWg2xhDo4,741,24,0
674b12b9248c7e790a1231ba,8-pxGe7qFQ8,500,15,0
674b12ba248c7e790a1231bb,Qe-TGNNvKvw,1344,88,0
674b12bb248c7e790a1231bc,vwVoAmuTbnw,500,8,0
674b12bb248c7e790a1231bd,Zm_-TtjSF3U,277,8,0
674b12bc248c7e790a1231be,QXtYOd1bEuA,777,98,0
674b12bd248c7e790a1231bf,LzE0VPIntm4,503,15,0
674b12be248c7e790a1231c0,BumWOwIca2U,646,19,0
674b12be248c7e790a1231c1,P0BEM91DI8c,435,9,0
674b12bf248c7e790a1231c2,4-o4O8jj_Oo,424,15,0
674b12c0248c7e790a1231c3,EveVhb8Ne9s,463,9,0
674b12c0248c7e790a1231c4,BC-E_urX4ck,518,21,0
674b12c1248c7e790a1231c5,fZGoec587ks,477,17,0
674b12c2248c7e790a1231c6,LT7-yOEAC8o,421,11,0
674b12c3248c7e790a1231c7,qD5wMkZB1pk,7406,349,0
674b12c3248c7e790a1231c8,4jhngnP_QMg,187,3,0
674b12c4248c7e790a1231c9,T3nrhrxLglo,471,9,0
674b12c5248c7e790a1231ca,dvgLb8rWXFs,545,23,0
674b12c5248c7e790a1231cb,5PygOlymAq4,432,9,0
674b12c6248c7e790a1231cc,_PC_EOcsRyY,461,7,0
674b12c7248c7e790a1231cd,kWGh5GB3GJA,446,7,0
674b12c7248c7e790a1231ce,76GqVLXIPYo,59,4,0
674b12c8248c7e790a1231cf,Tk9PwYiYnVM,847,23,0
674b12c9248c7e790a1231d0,-5It-YwIuRI,416,5,0
674b12ca248c7e790a1231d1,_V0hMxe3KUY,73,4,0
674b12ca248c7e790a1231d2,Vifi06ZlumI,67,3,0
674b12cb248c7e790a1231d3,bGFiRUu2OLQ,676,23,0
674b12cc248c7e790a1231d4,Segbe0xwnII,5046,81,0
674b12cc248c7e790a1231d5,v0LWA8XTAV8,442,14,0
674b12cd248c7e790a1231d6,JGYGMgnMDEA,528,7,0
674b12ce248c7e790a1231d7,mzQxmi1jRgY,662,30,0
674b12ce248c7e790a1231d8,zSOHPqD4yvM,510,7,0
674b12cf248c7e790a1231d9,NbV2xSbYqVI,1298,37,0
674b12d0248c7e790a1231da,hPIH_0ALKXs,118,4,0
674b12d1248c7e790a1231db,qBdL4_CSuZg,597,25,0
674b12d1248c7e790a1231dc,JN57RhBjP9Y,1874,83,0
674b12d2248c7e790a1231dd,JQL29im5VQM,55,5,0
674b12d3248c7e790a1231de,5NU0KXc_pNM,4079,39,0
674b12d3248c7e790a1231df,br7i5umKZt8,422,33,0
674b12d4248c7e790a1231e0,X_WJRO7IrgQ,429,13,0
674b12d5248c7e790a1231e1,D9zJpm3zTns,128,6,0
674b12d5248c7e790a1231e2,lyt8fwa_s-0,2778,36,0
674b12d6248c7e790a1231e3,5cNdwH7XyqI,82,6,0
674b12d7248c7e790a1231e4,w2OcK0jffk0,853,23,0
674b12d7248c7e790a1231e5,pWSPzfHD07M,1331,34,0
674b12d8248c7e790a1231e6,M3xH8l77n4k,807,23,0
674b12d9248c7e790a1231e7,il9qqwWTVV8,147797,6934,0
674b12da248c7e790a1231e8,ky1xPmoP0E4,501,6,0
674b12da248c7e790a1231e9,S3540Qdk7FI,2961,134,0
674b12db248c7e790a1231ea,JqqOkxY0eOU,467,11,0
674b12dc248c7e790a1231eb,LLpE5sPZduw,88,4,0
674b12dc248c7e790a1231ec,eTpsvqYRtrM,446,16,0
674b12dd248c7e790a1231ed,Aoa_vFlVek0,12,3,0
674b12de248c7e790a1231ee,0OZkq0TL7HQ,18,3,0
674b12de248c7e790a1231ef,284rSJ6T0uo,491,11,0
674b12df248c7e790a1231f0,Sp9XGakJ-tg,483,20,0
674b12e0248c7e790a1231f1,R8Y8IrOOfnM,514,9,0
674b12e1248c7e790a1231f2,oxnvjvKMvbg,2260,41,0
674b12e1248c7e790a1231f3,5s2reELD_Fs,382,10,0
674b12e2248c7e790a1231f4,vD4I0ncHvXQ,1996,39,0
674b12e3248c7e790a1231f5,q-vr590KMxo,130,4,0
674b12e3248c7e790a1231f6,Ql-N_nD5mSQ,467,17,0
674b12e4248c7e790a1231f7,nwG3pQyc-wQ,44,8,0
674b12e4248c7e790a1231f8,q-fDXBxCg9Q,828,23,0
674b12e5248c7e790a1231f9,CD-TPIqGlnI,81,8,0
674b12e6248c7e790a1231fa,yYCKu8WYYOw,65,9,0
674b12e6248c7e790a1231fb,xos-qRULXck,482,23,0
674b12e7248c7e790a1231fc,sjrprgkw9Wg,479,10,0
674b12e8248c7e790a1231fd,Qg7STBKALEM,107,6,0
674b12e8248c7e790a1231fe,H20fwc0xd7w,60,5,0
674b12e9248c7e790a1231ff,Owvz-RXcKDM,37,5,0
674b12ea248c7e790a123200,y0o5cljrbjY,52,7,0
674b12ea248c7e790a123201,LpRglP1Pv58,116,6,0
674b12eb248c7e790a123202,QGmwdU2jUaQ,20,3,0
674b12ec248c7e790a123203,MnCC2ph26Po,103,5,0
674b12ec248c7e790a123204,PETzBz1V4Ik,547,23,0
674b12ed248c7e790a123205,nhjgKut0O5s,783,27,0
674b12ee248c7e790a123206,c07smhW9J7k,282,9,0
674b12ee248c7e790a123207,CNhhVYVigTE,1721,21,0
674b12ef248c7e790a123208,HnkI0cNjXcY,549,15,0
674b12f0248c7e790a123209,LAJ9H_xHGyE,438,10,0
674b12f0248c7e790a12320a,uDsDJrDVgSo,415,17,0
674b12f1248c7e790a12320b,yd5nf8cGHoA,688,32,0
674b12f1248c7e790a12320c,HHP8FlcT5zQ,441,10,0
674b12f2248c7e790a12320d,rO4g59gdaGo,81,3,0
674b12f3248c7e790a12320e,Rc85uLdAV20,521,13,0
674b12f3248c7e790a12320f,iCQ7faL2Eqk,1989,39,0
674b12f4248c7e790a123210,ooW7wbpY-ZY,1404,29,0
674b12f5248c7e790a123211,jjRJo5Px-xU,536,9,0
674b12f5248c7e790a123212,wspI4dtVbUY,2560,35,0
674b12f6248c7e790a123213,uu4X_sVduVM,2576,25,0
674b12f7248c7e790a123214,_leathOJ760,24,2,0
674b12f7248c7e790a123215,-7f1AZyQjt0,6065,97,0
674b12f8248c7e790a123216,2FBEJVbDbS8,427,13,0
674b12f8248c7e790a123217,nAE7wsI9cTg,100,5,0
674b12f9248c7e790a123218,kFvuUS-vbTA,427,7,0
674b12fa248c7e790a123219,uZi65MVr9uI,475,7,0
674b12fa248c7e790a12321a,2vM917HQhY8,1042,43,0
674b12fb248c7e790a12321b,_kOZxervJ1g,2257,41,0
674b12fc248c7e790a12321c,LqQXdsrbt5I,1601,19,0
674b12fc248c7e790a12321d,tl9ic7YuzKY,5236,128,0
674b12fd248c7e790a12321e,8Cv4T3EX4Z4,2035,101,0
674b12fe248c7e790a12321f,xFX9jzgTdR4,2178,26,0
674b12fe248c7e790a123220,WWmKi74wYFo,966,15,0
674b12ff248c7e790a123221,nemNacUK6mc,17,1,0
674b12ff248c7e790a123222,A4XEGU2Yn8s,6,1,0
674b1300248c7e790a123223,jofw63_YcUo,421,10,0
674b1301248c7e790a123224,EOqctf3rNUs,88,3,0
674b1301248c7e790a123225,AuDUMv9RoM4,271,6,0
674b1302248c7e790a123226,setLeohTcBo,461,6,0
674b1303248c7e790a123227,ABSLCtSPcpg,165,2,0
674b1303248c7e790a123228,4_aDj201kPw,8866,298,0
674b1304248c7e790a123229,9qiXkWtU7v0,3392,57,0
674b1305248c7e790a12322a,0m9CR9O6HE4,520,13,0
674b1305248c7e790a12322b,5Ehz6YHRJ_I,53772,2142,0
674b1306248c7e790a12322c,5PKL9MFF2Tk,75,2,0
674b1307248c7e790a12322d,hR4c9S3i8s8,571,32,0
674b1308248c7e790a12322e,CwLYlM44cTE,43,4,0
674b1308248c7e790a12322f,VIXJBQ7Pp60,434,15,0
674b1309248c7e790a123230,Q49O_L7TqKY,13441,466,0
674b130a248c7e790a123231,0VOg6Rjv5F4,642,7,0
674b130a248c7e790a123232,hlYwCqrnKAg,492,6,0
674b130b248c7e790a123233,EtrkywRfdjE,430,13,0
674b130b248c7e790a123234,tCsNTfMQckI,2455,60,0
674b130c248c7e790a123235,gqNtABwtEsw,404,11,0
674b130d248c7e790a123236,S297E5vIQxA,98,5,0
674b130d248c7e790a123237,qiuo43DHu2c,522,16,0
674b130e248c7e790a123238,-U4k6JMgOEE,1086,16,0
674b130f248c7e790a123239,yVBSKYu_ST8,448,9,0
674b130f248c7e790a12323a,DKDJjALuZJ4,830,22,0
674b1310248c7e790a12323b,XAnptFkWHOY,452,15,0
674b1311248c7e790a12323c,gZCOgfupc_E,25,3,0
674b1311248c7e790a12323d,B3wKiATA--A,5944,480,0
674b1312248c7e790a12323e,y8_VUCw7_v4,13672,304,0
674b1313248c7e790a12323f,7bI9h5RrxK0,277,8,0
674b1313248c7e790a123240,4SbPmhQRY8M,492,10,0
674b1314248c7e790a123241,gwGCGRTPEuI,1819,54,0
674b1314248c7e790a123242,MxafXj0VZmw,294,7,0
674b1315248c7e790a123243,JPoFlw6_o5M,986,12,0
674b1316248c7e790a123244,HRVwWPtMB9M,569,15,0
674b1317248c7e790a123245,kNqHuDezR8U,9127,316,0
674b1317248c7e790a123246,mJlfWAMZMlc,502,23,0
674b1318248c7e790a123247,7ZbVv9NNk0w,46,2,0
674b1319248c7e790a123248,j9YldWv19KI,473,12,0
674b1319248c7e790a123249,s91FmfvbO9c,509,13,0
674b131a248c7e790a12324a,pp6yZUeS2kU,539,13,0
674b131a248c7e790a12324b,09uxER5lPQk,26,3,0
674b131b248c7e790a12324c,8g3SWOtqYZU,4161,43,0
674b131c248c7e790a12324d,X17fFg4f3tY,2116,24,0
674b131c248c7e790a12324e,pXuhI0tz2x4,68,1,0
674b131d248c7e790a12324f,kVvoFJN9JlI,446,7,0
674b131d248c7e790a123250,cNmCyL5Trps,514,11,0
674b131e248c7e790a123251,gEeLdToNt18,469,7,0
674b131f248c7e790a123252,8rNzDZblGeg,150,7,0
674b131f248c7e790a123253,flGp4Wo3loo,1056,19,0
674b1320248c7e790a123254,_960NTV1LuA,14497,237,0
674b1321248c7e790a123255,od8bDs1h3Uo,439,11,0
674b1321248c7e790a123256,KNt7YLdqcLo,433,5,0
674b1322248c7e790a123257,eyhIp_oWuMs,35,1,0
674b1322248c7e790a123258,B_-VN_LpQrs,446,13,0
674b1323248c7e790a123259,e7B9wg1w_yw,437,14,0
674b1324248c7e790a12325a,wuSAxw1Lnkg,569,5,0
674b1324248c7e790a12325b,odKDLlGObU4,30,3,0
674b1325248c7e790a12325c,QzhpNaJcffA,663,9,0
674b1326248c7e790a12325d,rjijLKpc-hg,48,4,0
674b1326248c7e790a12325e,IhvERzA-rag,411,10,0
674b1327248c7e790a12325f,CLw-A8llTXo,29,5,0
674b1328248c7e790a123260,JoNzcr3faAQ,40,3,0
674b1328248c7e790a123261,dDMkaWaxUq0,448,15,0
674b1329248c7e790a123262,lbu2mGkFZfk,480,12,0
674b1329248c7e790a123263,sO_QuFG1i_0,188,1,0
674b132a248c7e790a123264,GRRyUETcaHo,22,1,0
674b132b248c7e790a123265,rO0GoDlNbJ0,295,7,0
674b132b248c7e790a123266,7Xui55B1oag,440,16,0
674b132c248c7e790a123267,dypvOnsqSbw,448,14,0
674b132d248c7e790a123268,3PLsRNYu8i0,138,7,0
674b132d248c7e790a123269,AnX-OLoxvmc,425,18,0
674b132e248c7e790a12326a,nGBSfCD6v5c,9218,352,0
674b132f248c7e790a12326b,xMID0QCG--k,501,11,0
674b1330248c7e790a12326c,0nc-SfDZAUM,213,21,0
674b1330248c7e790a12326d,CqlyE57-VEg,418,6,0
674b1331248c7e790a12326e,V8xKQKBAPis,7994,211,0
674b1332248c7e790a12326f,ioI2CGWAH84,406,8,0
674b1332248c7e790a123270,JIgzLkxbMtc,443,8,0
674b1333248c7e790a123271,wqdcFR5NTrk,4283,35,0
674b1333248c7e790a123272,papyzm0_OTQ,545,20,0
674b1334248c7e790a123273,dR2SSA08pF4,630,12,0
674b1335248c7e790a123274,sqG90FQiYbU,412,17,0
674b1335248c7e790a123275,h7-h1UkRPwA,415,10,0
674b1336248c7e790a123276,1UOL_mdAHts,27,2,0
674b1337248c7e790a123277,6-3mXLWn5uI,466,5,0
674b1337248c7e790a123278,YCyuzVxTf8w,425,16,0
674b1338248c7e790a123279,OXcIO6pNrMs,446,12,0
674b1338248c7e790a12327a,NzM5pboTkPU,114,7,0
674b1339248c7e790a12327b,cpUE85NDE0c,5496,120,0
674b133a248c7e790a12327c,UjFaLwwd9wI,460,15,0
674b133a248c7e790a12327d,H8MjOCfQFGM,542,12,0
674b133b248c7e790a12327e,ek3Y7BSNZZg,466,5,0
674b133c248c7e790a12327f,6L8hQfiXs2c,46,4,0
674b133c248c7e790a123280,aeXhKo_wsSY,449,18,0
674b133d248c7e790a123281,PVRDVmk-2Ns,82,2,0
674b133d248c7e790a123282,WkXq69yrxuA,170,2,0
674b133e248c7e790a123283,nP-SfgD9k5Q,449,12,0
674b133f248c7e790a123284,DgAyclegU0s,30,3,0
674b133f248c7e790a123285,ZeO9XCjtGGs,483,11,0
674b1340248c7e790a123286,UsJLEypvdYM,23,1,0
674b1340248c7e790a123287,2cp4vujqDRg,559,15,0
674b1341248c7e790a123288,WRL79LeJ3qY,17,2,0
674b1342248c7e790a123289,JVree_BwxjY,55,5,0
674b1342248c7e790a12328a,6y3N5OAlcgA,37,3,0
674b1343248c7e790a12328b,_Qa8Q8Tezvg,513,9,0
674b1344248c7e790a12328c,mK5EpJNNngY,452,10,0
674b1344248c7e790a12328d,2Hy2kgAbQKk,2506,41,0
674b1345248c7e790a12328e,7_4Od0rKDFk,62,4,0
674b1346248c7e790a12328f,wVXPwRFQqUE,426,7,0
674b1346248c7e790a123290,O-m2Vb45pWE,424,9,0
674b1347248c7e790a123291,npilWRABkOY,413,9,0
674b1347248c7e790a123292,w0O9d50s0Tg,69,5,0
674b1348248c7e790a123293,QOgprExEtfY,419,11,0
674b1349248c7e790a123294,dl_qszRuLzM,79,5,0
674b1349248c7e790a123295,Nl26xKkDmBE,48,3,0
674b134a248c7e790a123296,RqbSN2ij31E,9288,211,0
674b134b248c7e790a123297,KDRl0RpRNG8,68,4,0
674b134b248c7e790a123298,-QXuBIEIT3g,392,9,0
674b134c248c7e790a123299,9Jzzjkww13U,31,2,0
674b134d248c7e790a12329a,ROk_SGEIaI8,496,12,0
674b134d248c7e790a12329b,pTA3qI6Ecdc,216,2,0
674b134e248c7e790a12329c,T-Y8QPJ0myI,1118,20,0
674b134f248c7e790a12329d,bcOPHIElx08,462,7,0
674b134f248c7e790a12329e,3f4CinyG0w4,92,5,0
674b1350248c7e790a12329f,VI6P54QQVHk,427,13,0
674b1351248c7e790a1232a0,aXMo658Hkfg,528,11,0
674b1351248c7e790a1232a1,zwYIKDPJx6Y,21,5,0
674b1352248c7e790a1232a2,8Trv_avePoQ,507,14,0
674b1352248c7e790a1232a3,ddyQDb7ar8c,16,4,0
674b1353248c7e790a1232a4,Rf3owa_1-h8,453,16,0
674b1354248c7e790a1232a5,HlUxeXQ_W7g,518,11,0
674b1354248c7e790a1232a6,jwb3AxzYRdk,1200,32,0
674b1355248c7e790a1232a7,3RgSj8OlNHE,755,20,0
674b1356248c7e790a1232a8,21Odre4iCC0,16,2,0
674b1357248c7e790a1232a9,VPDDl2urX_k,18,3,0
674b1357248c7e790a1232aa,OD-3-nPTr0M,1979,58,0
674b1358248c7e790a1232ab,HBVbESdO4aI,28,5,0
674b1359248c7e790a1232ac,BhQSWvyPg6Y,429,18,0
674b1359248c7e790a1232ad,pf0wnT_9tW4,24,3,0
674b135a248c7e790a1232ae,IEQxeHjJ4ME,5268,58,0
674b135b248c7e790a1232af,zYbDz5kkfww,1688,32,0
674b135b248c7e790a1232b0,tfogc1AnRZw,579,11,0
674b135c248c7e790a1232b1,28wl84REstM,416,8,0
674b135d248c7e790a1232b2,8WmREWSStfM,260,5,0
674b135d248c7e790a1232b3,G_ZEB1-2Dbk,137,3,0
674b135e248c7e790a1232b4,EPMmUWTr_F0,938,22,0
674b135f248c7e790a1232b5,45UvP911NXw,466,15,0
674b135f248c7e790a1232b6,bsVS4t2SNYY,437,8,0
674b1360248c7e790a1232b7,4t8foRu9U1E,46,3,0
674b1361248c7e790a1232b8,ALOAk5N2kQ4,70,5,0
674b1361248c7e790a1232b9,gj4S88tPCAs,175,5,0
674b1362248c7e790a1232ba,AM1dU0OUmL8,42,3,0
674b1363248c7e790a1232bb,BqtIL1KRwjI,38,5,0
674b1363248c7e790a1232bc,K2Z_UUVYTes,65,2,0
674b1364248c7e790a1232bd,fqPlAvezYAs,35,3,0
674b1365248c7e790a1232be,oE_RtdfnVPU,41,3,0
674b1365248c7e790a1232bf,HTcsSvzDBl8,456,26,0
674b1366248c7e790a1232c0,GQOvqQAuirY,502,13,0
674b1367248c7e790a1232c1,aZWq3_BiG2E,38,3,0
674b1368248c7e790a1232c2,ta1ErcyRCIY,23,1,0
674b1368248c7e790a1232c3,gcLb-qXE5X0,122,4,0
674b1369248c7e790a1232c4,72Hgupr1DW0,27,4,0
674b1369248c7e790a1232c5,DpOzuLKBxYk,46,4,0
674b136a248c7e790a1232c6,IZ2w4MbZlWM,643,22,0
674b136b248c7e790a1232c7,xU8x_1Twhx4,424,13,0
674b136b248c7e790a1232c8,fACHSQxDcN8,97,2,0
674b136c248c7e790a1232c9,NCZH9eGdwMM,41,5,0
674b136d248c7e790a1232ca,Mtz-MPRGQFU,63,4,0
674b136d248c7e790a1232cb,9KVSIF8GGO4,448,40,0
674b136e248c7e790a1232cc,6uuEHcUiDp8,560,15,0
674b136f248c7e790a1232cd,1CtX1qjij6c,209412,10663,0
674b136f248c7e790a1232ce,-plPikzE_IU,62,2,0
674b1370248c7e790a1232cf,xYqUfOyE7BM,27,2,0
674b1371248c7e790a1232d0,o7nASTYCZ94,11106,323,0
674b1371248c7e790a1232d1,zGGu-2o99qw,440,14,0
674b1372248c7e790a1232d2,IUeyEhYK0cU,427,11,0
674b1373248c7e790a1232d3,X2eDO4GEjc8,810,8,0
674b1373248c7e790a1232d4,cOVTFrRReIc,38,4,0
674b1374248c7e790a1232d5,mQ_qrmv2ctI,97,2,0
674b1375248c7e790a1232d6,drGeJFQh6yk,60,2,0
674b1375248c7e790a1232d7,E0zhSgmmlqs,39,1,0
674b1376248c7e790a1232d8,_F5SqOiw138,8370,156,0
674b1377248c7e790a1232d9,RuS6UypWbCE,352,6,0
674b1377248c7e790a1232da,ajka4Pg2j9k,491,12,0
674b137a248c7e790a1232db,KDzBLuX2WQU,55,2,0
674b137a248c7e790a1232dc,XoCaT_gxXxE,744,16,0
674b137b248c7e790a1232dd,HhN98VxAIWI,1251,20,0
674b137c248c7e790a1232de,3gtD2fKYdD4,452,12,0
674b137c248c7e790a1232df,noH42U7u0SQ,424,15,0
674b137d248c7e790a1232e0,l0aYefSFJ-o,416,9,0
674b137e248c7e790a1232e1,ZZlI7jpxSHo,19,4,0
674b137e248c7e790a1232e2,j1wEB354Cbw,445,8,0
674b137f248c7e790a1232e3,ThTrMeolwbw,107,3,0
674b1380248c7e790a1232e4,0ydI5KctYGk,57,1,0
674b1380248c7e790a1232e5,yGFnoHBXNyI,19,2,0
674b1381248c7e790a1232e6,iHOwq6ZQJ8o,464,9,0
674b1381248c7e790a1232e7,9DYLmk1E4Nw,23,3,0
674b1382248c7e790a1232e8,HWbzvRQ7UhE,399,8,0
674b1383248c7e790a1232e9,JYTKhYrH91Q,100,0,0
674b1383248c7e790a1232ea,T16-tXdANew,65,5,0
674b1384248c7e790a1232eb,sxROgrHWqjs,633,10,0
674b1385248c7e790a1232ec,N3ds36tg_hs,16,3,0
674b1385248c7e790a1232ed,G-vkQwxtHuE,250,6,0
674b1386248c7e790a1232ee,bbz49HwrcXo,135,3,0
674b1387248c7e790a1232ef,Bn8FhoEosmo,29,2,0
674b1387248c7e790a1232f0,41yxjC9RkhU,423,7,0
674b1388248c7e790a1232f1,OGL3QxCNhsY,7690,89,0
674b1389248c7e790a1232f2,0ut94DE0dwk,169,3,0
674b1389248c7e790a1232f3,QBPaU9mRkfc,499,10,0
674b138a248c7e790a1232f4,LODH-iSwFX8,271,11,0
674b138a248c7e790a1232f5,UnTH2cHGs_U,1946,32,0
674b138b248c7e790a1232f6,HflVYxO94FY,246,4,0
674b138c248c7e790a1232f7,4cZR8UXoLDw,1876,34,0
674b138c248c7e790a1232f8,lgArbkljh9w,1383,22,0
674b138d248c7e790a1232f9,BOGBz-syfDM,543,7,0
674b138e248c7e790a1232fa,8NiU_CSKSqs,3830,150,0
674b138e248c7e790a1232fb,Rzi2Whkps3s,1091,11,0
674b138f248c7e790a1232fc,a5AVXb7s1GA,3858,60,0
674b1390248c7e790a1232fd,jyTwpWi9NAQ,4718,68,0
674b1390248c7e790a1232fe,zcWJnUwWoC0,4276,59,0
674b1391248c7e790a1232ff,xXU5pMKFkuU,443,7,0
674b1392248c7e790a123300,HMGFUBjEMho,139,2,0
674b1392248c7e790a123301,HpZmQIT7baY,436,3,0
674b1393248c7e790a123302,66d8y4cZJRc,123,4,0
674b1393248c7e790a123303,sgevgJF_8-k,118,4,0
674b1394248c7e790a123304,N_9CcKV-zhk,11652,158,0
674b1395248c7e790a123305,J_K-D7kEvl8,132,6,0
674b1396248c7e790a123306,f63ldKmSVFA,404,7,0
674b1397248c7e790a123307,xDJ3_V88m-I,203,4,0
674b1397248c7e790a123308,tuig7gw1POs,342,6,0
674b1398248c7e790a123309,KvEYK4gzXeY,354,11,0
674b1399248c7e790a12330a,SekV3NrlPwU,658,13,0
674b1399248c7e790a12330b,QjrfQ-_mJDA,451,9,0
674b139a248c7e790a12330c,P0GXtyetoQ8,252,8,0
674b139b248c7e790a12330d,9mqdUXVrUNA,72,3,0
674b139b248c7e790a12330e,Q9KSe_y-QLw,427,9,0
674b139c248c7e790a12330f,cbLuaJNnhxM,338,14,0
674b139d248c7e790a123310,6vuaRdrXgOk,340,2,0
674b139e248c7e790a123311,yfANVfOg0Zw,620,6,0
674b139f248c7e790a123312,ToJPxGQ4ZOw,1997,31,0
674b139f248c7e790a123313,Ulby_ja5hLk,5774,56,0
674b13a0248c7e790a123314,sZQKrkmKIhA,3473,50,0
674b13a1248c7e790a123315,_4JiQfFAVko,367,8,0
674b13a1248c7e790a123316,o8eT6ktLV-E,9108,49,0
674b13a2248c7e790a123317,pcfu6_9yf-M,410,9,0
674b13a2248c7e790a123318,0FeqEy7OIbE,228,3,0
674b13a3248c7e790a123319,PO8y7K9Ib3g,2930,34,0
674b13a4248c7e790a12331a,KpoX-pOYfM4,577,6,0
674b13a5248c7e790a12331b,0amjlBMM4VE,155,4,0
674b13a5248c7e790a12331c,2Igbc1oOeRk,424,7,0
674b13a6248c7e790a12331d,eKPnWkBsadA,2477,31,0
674b13a7248c7e790a12331e,qd2KTToV5kM,142,5,0
674b13a7248c7e790a12331f,Ca4aYAHijJo,605,23,0
674b13aa248c7e790a123320,-urjl1Wd4q4,466,14,0
674b13ab248c7e790a123321,0pWijFA5H74,427,9,0
674b13b0248c7e790a123322,iJSOPAseIB4,1197,12,0
674b13b4248c7e790a123323,Lr2aTCsYYes,107,4,0
674b13b5248c7e790a123324,uTJHj9uYV3E,173,5,0
674b13b6248c7e790a123325,Y7IuLZMcoMM,3556,42,0
674b13b6248c7e790a123326,_Cd9Lte1-PA,2841,49,0
674b13b8248c7e790a123327,cvIwFLyIMp4,454,12,0
674b13b9248c7e790a123328,Iu6d7w-bWek,1224,22,0
674b13ba248c7e790a123329,Ihu72iZnpfw,4497,82,0
674b13bb248c7e790a12332a,zN-r_RpMG3k,82,5,0
674b13bb248c7e790a12332b,AskrgVBm-WA,155,5,0
674b13bc248c7e790a12332c,KrFaEOJnn1w,444,7,0
674b13bd248c7e790a12332d,YTN_xRacwRo,69,6,0
674b13be248c7e790a12332e,XpwtI7YOR0U,445,12,0
674b13c3248c7e790a12332f,ASvhc4VDiX4,569,18,0
674b13c3248c7e790a123330,u6BdQXKjm4w,422,8,0
674b13c4248c7e790a123331,ZRbKUbSs6cw,278,9,0
674b13c5248c7e790a123332,-bFH0TbEVSc,402,6,0
674b13c6248c7e790a123333,SshW9qnV6eM,260,8,0
674b13c6248c7e790a123334,hnstkkceT8k,98,11,0
674b13c7248c7e790a123335,uqR4-N0MDlo,152,4,0
674b13c8248c7e790a123336,rXvjMA4EOOQ,488,11,0
674b13c9248c7e790a123337,0pzSWwhMvy0,199,9,0
674b13ca248c7e790a123338,AP8oVRsZEh8,8089,177,0
674b13cb248c7e790a123339,_TSNxeEltQw,462,13,0
674b13cc248c7e790a12333a,kOEoBDJIoHM,488,14,0
674b13cd248c7e790a12333b,MJzAx0VzovI,115,6,0
674b13cd248c7e790a12333c,k0oYEdTR6qM,464,10,0
674b13ce248c7e790a12333d,HedEfoJ4ijM,124,9,0
674b13cf248c7e790a12333e,puzKKPNdNsc,130,15,0
674b13cf248c7e790a12333f,AISMcKsYhzA,129,14,0
674b13d0248c7e790a123340,XoMHuVm4r_8,489,15,0
674b13d1248c7e790a123341,SjiosboSByc,528,13,0
674b13d2248c7e790a123342,UyRLogy-hQU,120,14,0
674b13d2248c7e790a123343,hbSG1JJLBuI,90,13,0
674b13d3248c7e790a123344,TfTytClXluM,98,16,0
674b13d4248c7e790a123345,mUpioyjgatg,79,12,0
674b13d4248c7e790a123346,-6nW3cd5BZ4,45,4,0
674b13d5248c7e790a123347,vRzRGfPieLs,48,9,0
674b13d6248c7e790a123348,8EIWHytQyzs,63,8,0
674b13d6248c7e790a123349,EWnliLjTCAs,55,8,0
674b13d7248c7e790a12334a,8PKqhYmN7Z8,31,9,0
674b13d8248c7e790a12334b,wE-Eg61L2mM,89,16,0
674b13d9248c7e790a12334c,Z4w-083mFwA,65,12,0
674b13d9248c7e790a12334d,ZtQUse6gR-8,130,19,0
674b13da248c7e790a12334e,wF6B29CxIOY,92,13,0
674b13db248c7e790a12334f,YMiFNbh7UF4,76,9,0
674b13db248c7e790a123350,HE9IwNq-TSA,100,13,0
674b13dc248c7e790a123351,zDo-TrHRACU,62,8,0
674b13dd248c7e790a123352,eg1nZeMlMrQ,69,9,0
674b13dd248c7e790a123353,w4kLeUifunA,100,5,0
